{
	"5y_Impact_Factor" : "5y Impact Factor",
	"Article_Influence" : "Article Influence",
	"Articles": "Articles",
	"Categories_Indices": "Categories Indices",
	"Category": "Category",
	"Cited_Half_Life": "Cited Half Life",
	"degree": "Node Degree",
	"Eigen_Factor": "Eigen Factor",
	"Entropy_CitedBy": "Entropy CitedBy",
	"Entropy": "Entropy",
	"Immediancy_Index": "Immediancy Index",
	"Impact_Factor": "Impact Factor",
	"Major_Category": "Major Category",
	"Major_Group": "Major Group",
	"Major_Neighborhood_Category_CitedBy": "Major Neigh Category CitedBy",
	"Major_Neighborhood_Category": "Major Neigh Category",
	"Major_Neighborhood_Group_CitedBy": "Major Neigh Group CitedBy",
	"Major_Neighborhood_Group": "Major Neigh Group",
	"Neighborhood_Categories_Count_CitedBy": "Neigh Categories Count CitedBy",
	"Neighborhood_Categories_Count": "Neighborhood Categories Count",
	"Node_In-Degree": "Node In-Degree",
	"Node_InStrength": "Node In Strength",
	"Normalized_Entropy_CitedBy": "Norm Entropy CitedBy",
	"Normalized_Entropy": "Norm Entropy",
	"Total_Cites": "Total Cites"
}